splice_process,Abundance Ratio: (1) / (0),Abundance Ratio: (2.5) / (0),Abundance Ratio: (5) / (0),Abundance Ratio: (15) / (0),Abundance Ratio: (30) / (0),Abundance Ratio: (60) / (0)
A_complex,-0.2884459455507357,-0.2578290951719645,-0.3683896076933655,-0.365609657517169,-0.2510538741721244,-0.3440461908028189
B_complex,-0.31304065028244793,-0.266547189559469,-0.3784453001028579,-0.379405153535286,-0.2535551959502767,-0.3477927256667682
C_complex,-0.31639326907006615,-0.2677857029299321,-0.37762658652429354,-0.37928860518171875,-0.26308271813835243,-0.3491832619031654
EJC,-0.3049989377861852,-0.26320629042619337,-0.36406507930150434,-0.37415993669965025,-0.2633480005629225,-0.35625100075024146
E_complex,-0.2853578175588203,-0.25638653680460494,-0.3591207070896368,-0.37469035093887587,-0.25605877033747615,-0.3478021889594506
activated_C_complex,-0.3048526437430329,-0.2628239211206347,-0.36550638238548866,-0.3766234732703756,-0.2594780000475693,-0.35115806134475747
cleavage3_exon_ligation,-0.30543000553579813,-0.260817918593407,-0.36343160297327615,-0.3672555794405162,-0.26124133352439083,-0.3563338237866698
